id;net_sales;commission;shipping;service;withholding;profit;payout;reviewer;reviewed_at;source
SIP-01;;;;;;;;;;
SIP-02;;;;;;;;;;
SIP-03;;;;;;;;;;
SIP-04;;;;;;;;;;
SIP-05;;;;;;;;;;
SIP-06;;;;;;;;;;
SIP-07;;;;;;;;;;
SIP-08;;;;;;;;;;
SIP-09;;;;;;;;;;
SIP-10;;;;;;;;;;
SIP-11;;;;;;;;;;
SIP-12;;;;;;;;;;
SIP-13;;;;;;;;;;
SIP-14;;;;;;;;;;
SIP-15;;;;;;;;;;
SIP-16;;;;;;;;;;
SIP-17;;;;;;;;;;
SIP-18;;;;;;;;;;
SIP-19;;;;;;;;;;
SIP-20;;;;;;;;;;
SIP-21;;;;;;;;;;
SIP-22;;;;;;;;;;
SIP-23;;;;;;;;;;
SIP-24;;;;;;;;;;
SIP-25;;;;;;;;;;
SIP-26;;;;;;;;;;
SIP-27;;;;;;;;;;
SIP-28;;;;;;;;;;
SIP-29;;;;;;;;;;
SIP-30;;;;;;;;;;
SIP-31;;;;;;;;;;
SIP-32;;;;;;;;;;
SIP-33;;;;;;;;;;
SIP-34;;;;;;;;;;
SIP-35;;;;;;;;;;
SIP-36;;;;;;;;;;
SIP-37;;;;;;;;;;
SIP-38;;;;;;;;;;
SIP-39;;;;;;;;;;
SIP-40;;;;;;;;;;
